"BI1","BI1min","BI1max","BI1uk","BI2","BI2min","BI2max"
1.39547274810871,0.634305794594869,4.863011091894,2.70637139027144,7.78786558919256,5.07444635675895,13.9547274810871
