"mu","size","mu1","size1","mu2","size2"
0.747785444820013,0.53712339357412,0.368390769216399,0.419474446642553,1.27685003658321,1.06755731712556
